{"cameraMode":{"drawMode":0,"name":"Shaded","section":"Shading Mode"},"sceneLighting":true,"audioPlay":false,"sceneViewState":{"m_AlwaysRefresh":false,"showFog":true,"showSkybox":true,"showFlares":true,"showImageEffects":true,"showParticleSystems":true,"showVisualEffectGraphs":true,"m_FxEnabled":true},"in2DMode":false,"pivot":{"x":1.1711348295211793,"y":1.1909565925598145,"z":3.474841833114624},"rotation":{"x":0.26703256368637087,"y":0.00867246463894844,"z":-0.0023755421862006189,"w":0.9636945724487305},"size":2.0628209114074709,"orthographic":false}